이름,나이,거주지
이건형,30,오산
최경철,30,부산
윤상연,29,안산
이정석,30,오산
이건형,30,오산
최경철,30,부산
윤상연,29,안산
이정석,30,오산
이건형,30,오산
최경철,30,부산
윤상연,29,안산
이정석,30,오산
이건형,30,오산
최경철,30,부산
윤상연,29,안산
이정석,30,오산
이건형,30,오산
최경철,30,부산
윤상연,29,안산
이정석,30,오산
이건형,30,오산
최경철,30,부산
윤상연,29,안산
이정석,30,오산
이건형,30,오산
최경철,30,부산
윤상연,29,안산
이정석,30,오산
이건형,30,오산
최경철,30,부산
윤상연,29,안산
이정석,30,오산
이건형,30,오산
최경철,30,부산
윤상연,29,안산
이정석,30,오산
이건형,30,오산
최경철,30,부산
윤상연,29,안산
이정석,30,오산
이건형,30,오산
최경철,30,부산
윤상연,29,안산
이정석,30,오산
이건형,30,오산
최경철,30,부산
윤상연,29,안산
이정석,30,오산
이건형,30,오산
최경철,30,부산
윤상연,29,안산
이정석,30,오산
이건형,30,오산
최경철,30,부산
윤상연,29,안산
이정석,30,오산
이건형,30,오산
최경철,30,부산
윤상연,29,안산
이정석,30,오산
이건형,30,오산
최경철,30,부산
윤상연,29,안산
이정석,30,오산
이건형,30,오산
최경철,30,부산
윤상연,29,안산
이정석,30,오산
이건형,30,오산
최경철,30,부산
윤상연,29,안산
이정석,30,오산
이건형,30,오산
최경철,30,부산
윤상연,29,안산
이정석,30,오산
이건형,30,오산
최경철,30,부산
윤상연,29,안산
이정석,30,오산
이건형,30,오산
최경철,30,부산
윤상연,29,안산
이정석,30,오산
이건형,30,오산
최경철,30,부산
윤상연,29,안산
이정석,30,오산
이건형,30,오산
최경철,30,부산
윤상연,29,안산
이정석,30,오산
이건형,30,오산
최경철,30,부산
윤상연,29,안산
이정석,30,오산
이건형,30,오산
최경철,30,부산
윤상연,29,안산
이정석,30,오산
,30,부산
,29,안산
,30,오산
